restaurant_id,total_orders,avg_rating,avg_delivery_time_mins,customer_complaints,monthly_revenue,churned
REST_0000,1136,4.908411299826106,16,9,14146.832665199667,0
REST_0001,1469,4.596521377681941,41,17,24494.980168986498,0
REST_0002,870,4.451216212847839,16,27,14331.890178540643,0
REST_0003,1304,2.7737084811348196,49,34,5555.5672713317435,1
REST_0004,1140,2.5126627621701974,32,42,14972.397522222154,1
REST_0005,1105,4.005929659773293,28,46,5906.573774789124,0
REST_0006,1054,4.788127967382757,34,30,13472.902309467621,0
REST_0007,131,3.6702886790417892,32,26,2777.0132298963517,0
REST_0008,476,3.7148380684096995,24,10,15531.584061145712,0
REST_0009,1248,2.8399372809808527,39,48,13402.958539075797,0
REST_0010,340,4.308478799575811,16,48,18763.872850275115,0
REST_0011,1492,2.56113124567257,39,37,16136.81130781084,0
REST_0012,97,2.971037709212731,47,4,14190.55044473816,0
REST_0013,1406,3.2763093158492502,50,7,17554.69238195491,0
REST_0014,1133,3.522831136053365,45,33,4454.60592573354,0
REST_0015,881,2.727229197245241,28,47,15288.631870206498,0
REST_0016,140,2.3445104742176106,15,11,5130.6544677466645,0
REST_0017,1342,3.831860127324898,30,37,23212.532988445142,0
REST_0018,779,2.8658916597207673,17,0,2640.018516294501,0
REST_0019,353,3.743714664267837,49,30,11328.993992579039,0
REST_0020,1447,2.463088145822607,55,3,17699.139463730677,0
REST_0021,815,3.4434203055644526,20,48,11992.533080038209,1
REST_0022,395,3.5977682976547576,39,44,3210.2860775896565,0
REST_0023,1225,2.1554706104672805,27,49,14281.096387040976,0
REST_0024,965,3.0098128345817616,48,4,16399.16581185651,0
REST_0025,286,2.4032440308169227,22,29,17891.015463772183,0
REST_0026,1194,2.1901249114183035,35,23,9958.235547106215,1
REST_0027,469,4.9698806971698355,48,2,14527.839304690293,0
REST_0028,1347,2.967061534924169,18,10,11816.475398533916,0
REST_0029,31,4.429623337563905,39,44,17129.34493005408,1
REST_0030,262,2.7639219642912916,29,3,15005.367215795644,0
REST_0031,757,4.044508166671788,18,25,13618.149269419237,0
REST_0032,866,4.280683579669059,59,26,6988.584804117967,0
REST_0033,484,3.7869162218235326,26,45,1048.444425957614,0
REST_0034,1092,3.414728565650475,46,42,5177.9602074743025,1
REST_0035,520,3.2355227424418054,46,26,3809.5849941800475,0
REST_0036,709,3.046604799628986,42,41,11778.033880262721,0
REST_0037,985,4.788587432743478,27,49,15694.195618284271,0
REST_0038,199,4.491858223363187,45,5,6114.040208435396,0
REST_0039,967,4.8950807319995375,28,14,23537.37030321249,0
REST_0040,696,2.3728916704566343,34,29,1160.3711013733066,0
REST_0041,967,4.192602425610932,32,41,19535.22436396823,0
REST_0042,572,4.815021370463113,43,36,16004.914468730614,1
REST_0043,1277,2.5436991984969803,20,36,9965.315225144366,0
REST_0044,841,2.1994888021003325,46,41,2211.7346658977904,1
REST_0045,1164,4.223361947870178,43,36,16059.677722822704,0
REST_0046,656,3.7234193395397357,57,34,10254.724308775552,1
REST_0047,30,4.525486330274816,16,22,23470.41134591726,0
REST_0048,850,2.4193171298788685,37,5,14007.761797354382,0
REST_0049,176,4.3858019355796705,33,3,23551.636271044197,0
REST_0050,1307,2.6048819601432336,45,17,6291.608643359298,0
REST_0051,397,2.4909678285971135,19,8,18417.42184873848,0
REST_0052,610,2.492797393792979,33,48,15813.976500369416,0
REST_0053,325,4.443724160694146,48,28,18745.797515951483,0
REST_0054,23,3.9955916620886005,24,12,6152.028735340883,0
REST_0055,251,3.569196274307358,39,46,16959.86838970657,0
REST_0056,786,3.0764914523705076,16,16,12952.969433364855,0
REST_0057,1379,4.631601622439325,25,44,18827.79939775159,0
REST_0058,574,3.177335322267906,45,31,8849.071459643626,0
REST_0059,907,4.449798318414731,29,47,22361.36861116606,0
REST_0060,1373,3.3174047257106554,23,21,3023.231550672409,0
REST_0061,101,3.1308332882747227,37,3,20372.543650988515,1
REST_0062,1400,3.3880393570088194,33,4,21671.671019562178,0
REST_0063,965,2.9041336224924263,23,36,20614.05547280371,0
REST_0064,1488,4.242828140528753,49,40,13305.433462282625,0
REST_0065,1461,3.5081611702774373,35,48,11521.239520738272,0
REST_0066,518,2.696638085440452,23,12,24910.294876597043,0
REST_0067,785,4.698723719823706,42,33,6500.126829139891,0
REST_0068,44,3.151673664119634,21,44,14125.02318102507,1
REST_0069,215,3.630658583341966,30,21,17096.21260917581,0
REST_0070,1114,4.7194163328936405,30,22,17820.823260674366,0
REST_0071,1421,3.8727139877419763,47,2,5896.591977725889,0
REST_0072,1035,2.350694122125092,18,41,16695.85821615523,0
REST_0073,1031,4.819496370840426,18,33,20640.869595552096,0
REST_0074,1423,3.883124159214254,53,31,2200.4458437066933,0
REST_0075,575,3.0047168439712584,54,44,22876.511039807596,0
REST_0076,1139,2.4178162179901617,31,48,1708.0973234849423,0
REST_0077,712,4.3820755678108885,51,20,9543.304779721464,0
REST_0078,411,3.8602182677855406,53,45,1379.5167095910897,0
REST_0079,739,3.6003832759289645,43,43,2851.4840449499648,0
REST_0080,171,4.681677749152873,50,20,22868.038844321898,0
REST_0081,211,4.3657916336735925,52,43,9516.659937907549,0
REST_0082,1005,2.4550246391982533,53,10,11194.516730201269,0
REST_0083,279,2.9351662033866446,51,38,6168.2651531812635,1
REST_0084,825,2.745467419443397,49,3,15330.298484481274,0
REST_0085,1304,4.231838877718031,21,0,15275.277152266952,0
REST_0086,465,2.100597304207338,41,27,9932.809403805262,0
REST_0087,1495,3.7096690546139497,42,23,8992.83692332956,0
REST_0088,1285,4.287376057222072,36,34,22239.143396334108,0
REST_0089,1026,4.6302969102852485,28,12,10198.821751412834,0
REST_0090,305,3.0262452461477225,21,46,12844.023811705798,0
REST_0091,729,4.463771914016038,51,33,7799.314298198336,0
REST_0092,347,2.3318952108656217,36,10,19882.468080571056,0
REST_0093,888,4.539356875203555,19,35,10538.755765578198,0
REST_0094,1086,2.382465986995947,16,16,13326.665117063789,0
REST_0095,801,3.191861871681102,41,34,7080.572081431874,0
REST_0096,226,4.391886097338661,35,17,24703.830216190043,0
REST_0097,773,2.4497522820463216,52,39,7995.897782169349,0
REST_0098,197,2.6877541856979246,29,21,19497.82074173324,1
REST_0099,389,4.166757705179199,35,23,11259.895608562221,0
REST_0100,502,4.160109609638223,24,18,5949.217722019357,0
REST_0101,1074,3.923442898655892,37,36,20193.25033515667,0
REST_0102,1190,4.0818453334013,53,38,9006.562936697035,0
REST_0103,24,3.6281733300427885,19,20,21764.640337547466,0
REST_0104,74,2.7553971767208583,15,7,22966.172438027752,0
REST_0105,530,3.0370879805117585,27,27,21635.772049390624,0
REST_0106,1377,2.544793150404277,35,4,1840.1899553633357,0
REST_0107,1162,4.725351684000885,40,16,19896.960280122534,0
REST_0108,657,3.7501753842983616,59,36,10872.147195979453,0
REST_0109,1096,3.2025542502909197,35,35,21969.350084373404,0
REST_0110,1172,3.386017410932398,32,18,16310.90230443373,0
REST_0111,602,4.841850018835446,51,26,21007.435219455,0
REST_0112,401,2.4600542093482405,59,33,12986.362476804048,0
REST_0113,428,3.758689496050392,46,10,13840.612110374388,0
REST_0114,298,3.517666036653398,50,44,4465.303171208014,0
REST_0115,388,3.8343627063039434,31,46,19815.69660854453,0
REST_0116,240,2.0543305514625216,49,11,11065.35068000732,0
REST_0117,1027,4.616371726832455,25,20,13001.922838517983,0
REST_0118,50,4.7963548474508375,35,10,19842.345138296983,0
REST_0119,1061,3.6953995507676267,40,38,15372.289601906536,0
REST_0120,144,4.089952471630677,18,27,5826.369458624018,0
REST_0121,210,4.767498143531887,48,4,15165.583819621426,0
REST_0122,789,4.1217159029401955,32,16,10783.188591511738,0
REST_0123,939,2.457617128742784,54,19,12268.613009052704,1
REST_0124,1066,3.7288650805004395,49,40,1679.4705856640269,0
REST_0125,1081,3.8201451391485675,55,45,6040.704388390758,0
REST_0126,512,3.272392013907158,43,11,7744.913953144678,0
REST_0127,416,4.209332706874168,43,5,18111.04018861134,0
REST_0128,814,4.803101044307045,52,16,1275.8193591547674,0
REST_0129,108,4.7767055387203285,56,18,10810.65426949917,0
REST_0130,693,3.3525181142123963,35,25,23176.644890217587,0
REST_0131,735,2.339714137522266,56,47,3685.1347971789723,0
REST_0132,970,4.954523596887004,27,43,13394.185317246665,0
REST_0133,622,4.516694259337802,55,43,19876.537177380327,1
REST_0134,1495,2.3739880436098004,31,31,23620.7513804828,0
REST_0135,652,4.762525647852117,23,5,18922.639348809233,0
REST_0136,1038,4.609689086186385,55,35,18293.573167465747,1
REST_0137,1251,3.5565141713782165,15,37,20835.714164698296,0
REST_0138,512,3.7738263072347875,16,10,11708.829303461049,0
REST_0139,776,3.1970081116103906,43,32,20340.268782827992,0
REST_0140,407,2.164284916466094,47,23,1191.145713890827,1
REST_0141,880,3.0055917249377027,24,22,23189.465329043316,0
REST_0142,804,4.408560345794035,54,14,11639.356228412207,0
REST_0143,402,2.013896069013809,35,26,14281.124508777943,1
REST_0144,216,3.0004975150734325,42,10,7117.173973957176,0
REST_0145,1048,3.19450608077283,25,49,18820.739988170113,0
REST_0146,901,3.6121868088137687,48,16,2839.2593554059713,0
REST_0147,1494,4.759566849238281,22,13,21943.259261124047,0
REST_0148,873,3.0390379830978835,36,26,20874.803896152225,0
REST_0149,752,3.040859605688683,22,17,6185.442789874393,0
REST_0150,1274,4.212503744329245,29,27,20423.785558846295,0
REST_0151,573,3.3566538226694216,31,46,19872.585593475556,0
REST_0152,1030,2.6738144688199457,37,46,16173.198346094776,0
REST_0153,105,3.35731854839808,38,3,9964.4842455925,0
REST_0154,494,2.4225710611394,59,6,7515.970100364829,0
REST_0155,1440,2.52916095951867,33,44,6562.8061669444005,0
REST_0156,240,3.4951033182184394,19,34,8646.615106326572,0
REST_0157,758,3.2567763485136436,46,47,22685.402642380726,0
REST_0158,1204,4.7445377032043,58,8,2863.3786237307504,0
REST_0159,550,3.0871816973498993,15,7,20892.91063007101,0
REST_0160,1069,3.7417650508341302,37,44,9373.361801003766,0
REST_0161,534,3.8967928637585914,51,16,13518.385504272597,0
REST_0162,1193,2.039283369765001,22,16,20067.655207563777,0
REST_0163,1276,3.9906121160501318,27,48,22225.03712855131,0
REST_0164,1119,2.5341079006092544,22,32,9274.754081743527,0
REST_0165,587,4.883210952408366,37,31,12084.243550602649,0
REST_0166,691,2.445988183259339,57,7,10948.385555603014,0
REST_0167,566,3.2438723711810713,15,18,1318.0248040938532,0
REST_0168,1022,2.2560490042359316,59,37,8102.629332607758,0
REST_0169,655,4.990622755537842,38,2,12020.541609581483,0
REST_0170,805,3.506585030993728,49,4,10866.246613130555,0
REST_0171,1061,3.7861550519601312,38,12,18326.301460376308,0
REST_0172,1373,2.2012294321652823,31,46,10235.286813306479,0
REST_0173,1364,4.249881411197533,19,45,12745.034775296086,0
REST_0174,1381,2.629716779286757,34,30,11310.60621117672,0
REST_0175,1264,4.694162868322142,35,15,18775.027573464893,0
REST_0176,199,2.6154189214460217,54,49,21711.337575687103,1
REST_0177,1258,2.5720631619909997,45,31,13765.33789618034,1
REST_0178,1418,2.1096490035442845,50,21,19946.37266068459,1
REST_0179,1410,3.416200835329998,25,28,8122.880368476414,1
REST_0180,1316,3.6945233997878493,29,21,13992.87064377445,0
REST_0181,642,2.197125918285057,33,42,9285.51888807934,0
REST_0182,637,4.326582850085032,21,2,10940.822213723928,0
REST_0183,982,3.3598665042440827,42,9,18577.932755504047,0
REST_0184,1292,3.57317080798274,57,41,22159.899575985106,0
REST_0185,1392,3.3222882408146845,19,20,3915.88938610637,0
REST_0186,719,3.202289182625978,19,15,16231.342155697132,0
REST_0187,1489,3.6789209939246534,44,11,14971.451381867164,0
REST_0188,1444,2.4657207377921377,46,1,3841.960940222365,0
REST_0189,658,2.5457843914858134,22,40,6085.463930562618,0
REST_0190,327,4.585356863040552,24,23,8464.059873584327,0
REST_0191,1258,4.838346386400898,52,34,5006.345699620035,1
REST_0192,1267,3.119927948839259,46,29,6849.5075805842025,0
REST_0193,693,2.812234019430661,42,29,7422.41917268098,1
REST_0194,673,3.9319986297170475,31,46,9056.17199293743,0
REST_0195,1407,3.226202513294289,45,34,18985.370867227815,1
REST_0196,1266,2.0761590669810346,22,18,14725.892892414417,0
REST_0197,1146,2.468457792098571,54,49,24669.920126833636,0
REST_0198,451,4.147916686542192,39,7,10953.659847219304,0
REST_0199,573,3.976771825730454,23,25,19092.7617720862,0
REST_0200,1301,2.0812879775104505,16,48,21915.24211303681,1
REST_0201,1419,2.6659164857988484,29,39,17295.483832913007,0
REST_0202,1420,2.693224389764214,17,6,10884.753770019905,0
REST_0203,1146,4.015678230796185,50,29,19086.27113789807,0
REST_0204,961,2.0591316132630926,18,6,5888.011306544437,0
REST_0205,1114,2.3123257459537214,28,2,8861.251964323179,0
REST_0206,708,4.399748256119568,55,0,14120.446122382931,0
REST_0207,122,2.535633986163001,55,35,14809.82529486756,1
REST_0208,11,3.958238323555624,39,24,1531.3954113431068,1
REST_0209,651,2.7145483431401796,24,36,23682.74053014421,0
REST_0210,229,2.2983241782780355,35,0,17719.05450921736,0
REST_0211,864,2.7295165729983624,50,14,12896.890005565385,1
REST_0212,1258,4.166800795566978,26,36,23395.0536257994,0
REST_0213,394,4.567089404318857,41,12,11538.293566019884,0
REST_0214,1436,4.490659593700975,54,39,24530.453686488923,0
REST_0215,1163,3.1915505888553644,16,7,13294.834173843643,0
REST_0216,1086,4.004255409711939,27,4,3742.858479951507,0
REST_0217,739,2.6149528862474627,46,8,19355.223339022654,0
REST_0218,1449,2.87944319078304,45,0,17293.54540186817,1
REST_0219,256,4.68900745556336,30,35,19551.681311334083,0
REST_0220,845,2.039005770532208,46,34,23834.608689416345,0
REST_0221,1472,2.2565255925634045,46,1,19635.743263624434,0
REST_0222,212,2.623658765438082,48,39,15672.078453199525,1
REST_0223,1217,2.0795966116214593,25,22,21575.41365666018,0
REST_0224,132,2.5443063052693917,24,8,17157.914544508756,0
REST_0225,410,3.7491246829090765,29,33,10794.857363822153,0
REST_0226,776,3.264273651777494,31,45,22254.87434180256,0
REST_0227,303,4.678015133230924,54,13,6325.6110588249485,0
REST_0228,289,4.452330685215323,32,3,18151.390597809383,0
REST_0229,893,3.025452055093628,23,29,22157.522918578168,0
REST_0230,207,2.7782703002938773,39,30,18551.59647287911,0
REST_0231,991,3.1390772245018006,54,37,17734.610057292568,0
REST_0232,761,3.7708848275444233,28,10,19063.319057724064,0
REST_0233,153,2.8041909224686288,39,34,12161.325959215465,1
REST_0234,618,3.872446723547402,36,7,21980.096371768625,0
REST_0235,1234,3.228234956573721,44,2,5882.475403266189,0
REST_0236,1157,3.6561415425559405,34,13,4057.273984008143,0
REST_0237,196,3.30837958740595,35,12,7852.210722844277,0
REST_0238,1359,2.883397278625753,58,44,13757.857522599836,1
REST_0239,473,4.8453599208864695,46,31,13253.483089824114,0
REST_0240,1382,4.290817382479283,35,33,20694.37018423808,0
REST_0241,669,2.4203395272993578,49,44,10709.647753696418,1
REST_0242,773,4.605403927693739,46,18,12624.266230996207,0
REST_0243,964,3.462293594748541,44,37,1320.8243982254953,1
REST_0244,412,4.683656680682274,53,15,10833.741674630537,0
REST_0245,1379,4.3995657678419455,26,1,16546.581590808208,0
REST_0246,156,3.2756405134077005,55,39,1372.1999350382123,1
REST_0247,1181,2.067407924960352,32,16,7741.16716446985,0
REST_0248,873,2.8060320781548382,35,33,5990.952622945359,0
REST_0249,498,3.6249026439826006,27,41,2007.6502938301176,0
REST_0250,938,3.900434659478442,35,15,12502.2421579489,0
REST_0251,560,2.7736630562996067,22,37,5361.359037475756,0
REST_0252,347,2.4180682222184724,54,1,18833.956951153123,0
REST_0253,881,4.504790710397897,21,1,21350.269210320363,0
REST_0254,650,4.953206542110657,37,25,14094.044384059547,0
REST_0255,482,3.5770705469080575,58,12,24560.976220507397,1
REST_0256,160,2.5150378575449106,46,46,11811.485715294288,1
REST_0257,1448,2.816921979558107,25,30,13320.837045397973,0
REST_0258,1331,2.0551720296424003,36,33,24741.226094986003,0
REST_0259,272,4.742896419681497,36,38,6557.162463161171,0
REST_0260,153,2.3532532486704234,57,2,23621.102552245728,1
REST_0261,355,3.7295494265427607,39,7,2028.1013228587178,0
REST_0262,633,2.822165662061618,36,22,11713.285366316675,0
REST_0263,1026,3.6625340075473805,42,13,2680.084291193579,0
REST_0264,890,3.9542611650555926,43,26,18501.633829927432,0
REST_0265,11,4.4892254111216054,27,28,15601.814461120426,1
REST_0266,906,2.6192638152818097,32,38,17959.222323222315,0
REST_0267,1337,2.0329874859754415,16,38,9987.529599232406,0
REST_0268,263,2.410656890206422,43,0,9867.566416753127,0
REST_0269,462,4.700055925544316,35,16,2087.6626950614705,0
REST_0270,1070,4.621670232687546,29,40,9398.678548711356,0
REST_0271,1193,3.792239306510925,41,29,23302.92165428943,0
REST_0272,1024,3.80155058130096,45,12,10101.436892330776,0
REST_0273,18,3.9951100236387664,29,20,20952.824949327278,0
REST_0274,1266,2.5261138358703485,37,18,21215.812113998418,0
REST_0275,1132,4.743235837774879,38,18,9957.787753101611,0
REST_0276,825,3.2563115746762192,58,24,16167.728329508538,0
REST_0277,217,3.1494155847484926,27,21,3288.918454553407,0
REST_0278,1164,3.5567531158485126,36,30,3488.2859376226356,0
REST_0279,413,2.1408979003251654,57,16,2167.78392788112,0
REST_0280,161,2.4988501062682382,51,22,14944.362241002627,0
REST_0281,63,4.214100849279111,47,31,11225.703463026328,1
REST_0282,1153,2.2483960037753796,17,9,14152.776559941762,0
REST_0283,637,3.8094563283991647,33,9,13505.756572201308,0
REST_0284,596,2.736047329043963,37,35,9404.871786177526,0
REST_0285,1453,3.1678868421259296,43,7,17259.36195576335,0
REST_0286,1455,2.8660812103120996,44,19,19204.045141993378,0
REST_0287,113,3.0670181493948476,53,31,1351.0782130642172,1
REST_0288,263,4.157137715552737,58,49,5973.815194453079,0
REST_0289,1260,2.891365146869525,39,13,18117.660834000086,0
REST_0290,1145,3.6992139208906916,51,49,10278.88414321202,1
REST_0291,519,3.428151206597299,22,27,16899.614726598596,1
REST_0292,108,3.9910134960879446,56,45,9327.103833629402,0
REST_0293,162,4.810489217974274,30,23,10378.12365591129,1
REST_0294,923,4.197716291630751,22,14,4808.292968552438,0
REST_0295,887,2.64482113577227,15,21,7197.544471987841,0
REST_0296,347,2.093549405183854,58,29,15529.882180182094,0
REST_0297,831,2.786792132899475,19,3,11395.914671563993,0
REST_0298,1196,3.7852337921007644,17,12,19583.264390670283,0
REST_0299,966,2.154277440452751,15,22,21462.038918520226,0
REST_0300,170,3.489098741603709,18,7,13999.514037202236,0
REST_0301,810,3.7905285467506675,54,17,19198.41500934542,0
REST_0302,407,3.0027316724508823,49,11,8365.70831666968,0
REST_0303,1310,4.312736611237465,46,30,10959.309169601876,0
REST_0304,825,2.3197947594013155,56,13,18106.664229203943,0
REST_0305,1425,2.2254133452074263,48,33,10269.087827608737,0
REST_0306,1168,4.18456626861081,57,17,15124.118443815732,0
REST_0307,1228,3.4864739486185954,39,33,5448.9466979802755,0
REST_0308,410,4.065207189283209,24,10,15394.511559291952,0
REST_0309,649,3.3044820158112387,35,40,21676.328973445445,1
REST_0310,1066,2.7392060997173204,53,11,21847.351355762214,0
REST_0311,697,4.457306953022599,41,48,18384.26575190895,1
REST_0312,469,4.398247636906937,41,14,18898.081097827024,0
REST_0313,964,4.08408941256328,16,30,14390.258683616818,0
REST_0314,479,2.816435411689888,55,48,15032.034163979795,1
REST_0315,1408,3.7706920006072613,27,28,4207.613953852432,0
REST_0316,1055,3.0829216908200805,23,25,11652.620522111227,0
REST_0317,759,2.2747462199799022,50,17,11818.630813272732,1
REST_0318,47,4.751940726386728,36,31,24003.948056025765,0
REST_0319,239,2.410455892756884,56,21,11346.084702958946,0
REST_0320,1398,4.850712061462407,40,37,14184.223477666183,0
REST_0321,572,3.338017318873867,26,16,13798.03358269846,0
REST_0322,447,2.555398786515859,31,22,16282.281209063853,1
REST_0323,1316,3.6257028421350745,28,23,18957.587951965503,0
REST_0324,36,4.618837507629225,28,49,6401.005028100931,1
REST_0325,235,4.196674659228684,48,7,13689.386058362457,0
REST_0326,1310,4.419683443584349,34,40,20822.02497558473,0
REST_0327,807,3.976350100132152,25,5,12114.753132100275,0
REST_0328,293,4.076829693553558,30,4,7682.981112965752,0
REST_0329,888,4.547586954695958,45,43,16713.01780855118,0
REST_0330,969,2.7490040265775577,20,28,20770.41749917895,0
REST_0331,462,3.4682748909294214,33,27,2515.367030257392,0
REST_0332,1029,2.6636283254588067,51,10,19642.97160177345,0
REST_0333,825,4.9630040239899404,18,0,20719.55039108251,0
REST_0334,668,4.83217801905984,18,42,12076.550262126564,0
REST_0335,556,2.1182804341055177,34,18,24599.335763643216,0
REST_0336,1225,4.116725517547065,24,8,19881.00017697542,0
REST_0337,1082,4.775744952246997,38,26,19567.901557495978,0
REST_0338,26,2.5417260353820006,49,33,18948.125785889722,1
REST_0339,1205,3.7038356916578885,40,43,4614.594477238576,0
REST_0340,1253,4.746464892764125,51,3,6213.541274872259,0
REST_0341,167,2.1018379357573966,52,35,12135.7631551462,0
REST_0342,486,4.09226080174052,35,17,7336.104399027181,0
REST_0343,1079,2.8920470221176524,54,14,10965.783336016972,0
REST_0344,1406,4.773188586129591,53,12,22323.138638150096,0
REST_0345,527,4.913174735496103,35,18,20783.84540510246,0
REST_0346,108,4.832799467340301,24,48,16120.957083519574,0
REST_0347,1070,3.422642649972391,52,5,21594.889462026484,0
REST_0348,289,4.58612795296794,18,47,19810.53733641398,0
REST_0349,1382,4.5336481956052115,59,11,11295.638364181372,0
REST_0350,506,2.9573014197297667,34,36,5825.563649198683,1
REST_0351,311,4.486746422452033,31,16,13340.824960224141,0
REST_0352,190,2.111022904146478,21,22,18669.493180685204,1
REST_0353,616,3.7888096354461593,18,25,11474.070369510233,0
REST_0354,1132,2.6900265118631093,43,28,17002.525834813532,0
REST_0355,709,2.3617006573318364,28,32,3263.858230985047,0
REST_0356,1002,2.2308596048876277,17,26,18952.11367291368,0
REST_0357,1149,4.0888663276344195,38,24,20505.12687743349,0
REST_0358,200,3.0196248913041983,51,9,17964.108538732988,0
REST_0359,262,4.174300314586285,30,46,24214.326100632774,0
REST_0360,990,2.196069022396827,18,22,20839.64937905537,0
REST_0361,937,2.945871013491831,38,20,22674.24946903692,0
REST_0362,1194,3.6184738771260117,48,20,23405.706002983552,0
REST_0363,1289,4.372169494516891,44,42,20232.351804971404,0
REST_0364,1356,2.9562575087962095,32,12,17182.21220815598,0
REST_0365,137,3.8776741293110275,33,36,1137.245952658943,0
REST_0366,27,4.657933244708561,45,32,12179.818077354992,0
REST_0367,575,3.847589564546914,33,23,14707.895166936663,0
REST_0368,579,2.698878424260901,33,43,8296.726538751991,1
REST_0369,1356,2.073202344669614,36,10,8634.506725683328,0
REST_0370,695,4.61029662170279,38,16,24067.825977043965,0
REST_0371,635,2.0638082325511613,59,3,22401.060764865902,0
REST_0372,1321,4.624105018052598,26,46,21380.2961320409,0
REST_0373,863,3.586811402081636,44,24,10744.283240946655,0
REST_0374,971,4.817203095538689,52,29,1328.765209813949,0
REST_0375,164,4.396349707320996,45,8,2925.3339149371377,0
REST_0376,499,4.993802331600012,50,20,8492.712837222487,0
REST_0377,1419,3.0521354463551305,33,19,1377.8299118962477,0
REST_0378,794,4.301564866793381,59,18,1411.5947659647547,0
REST_0379,1137,3.2057927408277265,50,18,22998.479239417862,0
REST_0380,1426,3.4396268609117264,44,11,17947.804050857296,0
REST_0381,255,3.8825163896551103,47,36,8414.943761635663,0
REST_0382,1209,4.621031342559016,32,41,4183.469862422876,0
REST_0383,1072,4.9522504075978855,42,16,13279.257229481851,0
REST_0384,768,4.304820241593554,25,36,1128.307860504747,0
REST_0385,547,3.253300346502001,59,47,23521.92985259546,1
REST_0386,930,3.2640710068312107,47,38,10955.562865334734,1
REST_0387,417,4.212746904766675,31,27,10656.038925695986,0
REST_0388,534,2.7163314373049072,20,40,10374.246581962772,0
REST_0389,837,2.3314223393941838,18,34,2663.879929306354,1
REST_0390,912,3.0638664729223297,34,46,16319.733755003837,0
REST_0391,45,2.861716974962245,41,47,18592.086871080483,1
REST_0392,694,2.8889243613679705,29,17,17227.00954211897,0
REST_0393,29,2.70082325314973,20,13,4322.451839905463,0
REST_0394,330,2.1262795689090854,28,34,14892.164032854222,0
REST_0395,521,2.053621804200241,25,43,14667.627620134092,0
REST_0396,409,4.963167169208095,53,40,21841.858910593168,0
REST_0397,663,3.283319401207587,23,6,10099.063801015527,0
REST_0398,981,3.152979941479045,40,40,9915.66264782642,0
REST_0399,480,4.03894184807921,30,12,15844.649409236454,0
REST_0400,1176,2.6547616635951927,19,17,16193.743683988312,0
REST_0401,1125,4.8498835518506755,24,36,12262.84545581897,0
REST_0402,1387,4.3590350432466565,17,12,11633.424695930105,0
REST_0403,843,2.2682330069367787,27,35,12859.544095309184,0
REST_0404,736,3.252742327354785,57,30,21665.087188079484,0
REST_0405,863,4.6373549226864945,44,1,12068.005630093841,0
REST_0406,60,4.834196066874231,59,15,23558.36300727574,0
REST_0407,584,3.402204533749609,20,8,13096.090326311825,0
REST_0408,1223,3.840234167632123,31,8,23780.816636341395,0
REST_0409,1158,2.5011018382762256,59,37,20987.965644857817,0
REST_0410,159,4.973505878410929,33,10,9698.351742779898,0
REST_0411,323,2.6950151041503303,56,21,21727.394111118785,0
REST_0412,579,4.828195322405377,49,32,3641.5188208267655,0
REST_0413,1375,3.9489399469771054,40,35,23201.13220823235,0
REST_0414,314,3.8232103846365773,19,44,16159.4443619894,0
REST_0415,691,3.538065533049526,43,22,2305.3779645354684,0
REST_0416,847,2.692009435153276,51,44,16462.161367619476,0
REST_0417,1087,2.529584096016525,34,44,24381.943699474148,0
REST_0418,1012,2.661458627210526,35,33,2675.215710751094,1
REST_0419,453,2.5593147864327634,24,8,14312.505034722071,0
REST_0420,622,4.33875342070026,19,23,18947.064394224937,0
REST_0421,1002,3.0503757775001903,50,7,20446.20608078875,0
REST_0422,273,2.173528029690189,20,6,10931.8591676991,0
REST_0423,1086,4.907307890422434,40,35,5899.997420037832,0
REST_0424,1013,4.651357654890277,18,17,2016.214690537212,0
REST_0425,14,4.783256849585639,53,2,14913.427770333394,0
REST_0426,1136,4.984723467939306,53,27,11869.86568642266,0
REST_0427,1229,2.521685747658462,49,5,23769.865483593065,1
REST_0428,783,3.188726056707976,15,43,2454.5177851578346,0
REST_0429,886,4.274715427112274,38,43,17449.488242704138,0
REST_0430,1001,4.088061854161377,50,20,1599.189330881372,0
REST_0431,893,2.461687719019565,20,27,5114.420241053025,0
REST_0432,1383,4.447499374971853,55,39,11885.895998148018,0
REST_0433,56,2.673321715509982,58,0,11916.938627268837,1
REST_0434,876,2.6714528444678693,45,35,17456.813030407455,1
REST_0435,832,3.610923268680241,34,20,22845.11283682616,0
REST_0436,945,3.7788198045251096,38,42,16336.7718139581,0
REST_0437,665,3.7402586235134336,39,34,23884.84234843621,0
REST_0438,278,2.2744605121932646,50,12,22158.775357071943,0
REST_0439,379,4.632382587891141,35,48,15027.995092738965,0
REST_0440,645,2.7968001277661183,44,9,21011.006822051855,1
REST_0441,1139,2.3885447638484125,38,43,16421.862647767215,1
REST_0442,666,4.6662442396069315,58,46,2885.3879421694514,0
REST_0443,129,4.86695449468926,56,9,18773.55335822824,0
REST_0444,840,4.586382851796352,44,45,3277.802590416309,0
REST_0445,1091,4.428548224174634,36,12,15257.986733673099,0
REST_0446,1379,3.965725941917065,42,36,17863.364940597494,0
REST_0447,750,3.6525721118274177,21,37,2596.6625970605255,0
REST_0448,126,2.2609602797342303,49,23,6539.071694236763,1
REST_0449,800,3.2253596392120962,42,1,22976.133574279596,0
REST_0450,1160,3.118065551036942,28,21,15791.547813589512,0
REST_0451,1426,2.7792613512809785,24,16,6910.864451452758,0
REST_0452,1022,4.170260341065755,30,35,17576.314507552157,0
REST_0453,1091,3.487627205236312,30,13,15322.634079080552,0
REST_0454,643,2.243138647722944,45,9,13037.81679803076,0
REST_0455,522,2.6605496058494342,56,34,24428.48739971401,1
REST_0456,811,4.049776290978787,39,24,17402.890657780215,0
REST_0457,1129,2.2283925784709004,27,2,10010.586632029905,0
REST_0458,1151,4.553620742146306,20,46,20201.762369844833,0
REST_0459,569,3.485439581041923,58,37,22229.999030108505,0
REST_0460,497,3.441759731979944,23,16,4005.2934284039543,0
REST_0461,1270,3.777223353978553,59,11,5813.271468286396,0
REST_0462,906,4.474042897775448,50,23,6189.448219066713,0
REST_0463,1305,3.043427623706579,57,28,17589.083425276967,1
REST_0464,1222,4.034048457677191,34,42,15472.9493212788,0
REST_0465,713,3.697195891987373,32,24,15855.797552766116,0
REST_0466,1480,2.801084810508264,57,35,23578.559192548022,1
REST_0467,590,4.635889959065474,35,25,19621.876787375342,0
REST_0468,799,4.392278064820784,18,37,4070.4861882827963,0
REST_0469,870,3.9753555039752766,47,0,9340.169978204345,0
REST_0470,256,4.551745187282726,41,19,11449.447508217654,0
REST_0471,1109,4.601882602879407,21,27,10503.078129942518,0
REST_0472,163,4.125088930145104,20,15,17063.4066198851,0
REST_0473,1468,4.511039985091016,29,46,22405.434478157502,0
REST_0474,1006,4.092414385007851,32,16,8345.23512454691,0
REST_0475,1119,4.040422315280901,46,39,14245.051274108455,0
REST_0476,706,3.855834134645553,25,27,19945.826125926054,0
REST_0477,1318,4.258149918672924,34,11,10989.233412288384,0
REST_0478,1253,2.4758153158792213,38,26,5034.8350815831,0
REST_0479,1102,4.642612277596785,29,41,12398.823166329958,0
REST_0480,1080,4.615530583235696,21,46,2325.3404978326835,0
REST_0481,1018,2.0877418491036774,35,29,23617.202896054645,0
REST_0482,103,4.477450251694288,56,40,2795.708924679353,1
REST_0483,967,2.386609602420336,40,33,11522.961166013876,0
REST_0484,1021,3.0053565627774255,58,36,13717.150266124629,1
REST_0485,462,4.230524768874823,28,5,24647.29197489485,0
REST_0486,1237,2.4822796881449247,51,6,4984.523767428658,0
REST_0487,921,4.453901072357187,35,31,3746.3564466966054,0
REST_0488,227,4.496402533873226,32,31,1208.947529501046,0
REST_0489,483,3.5224032012825086,19,24,4733.714484863255,0
REST_0490,441,2.0191576151505006,17,32,5974.551497624023,0
REST_0491,350,2.8611143995247383,37,6,16133.942597994215,0
REST_0492,560,3.850780755127227,40,11,6272.9629693936095,0
REST_0493,1322,4.94355853408227,51,15,1492.4995535038051,0
REST_0494,1287,3.8954405810500052,38,15,20838.84029205973,0
REST_0495,366,2.7794107431924795,33,42,9774.296824095203,0
REST_0496,32,3.902017109298834,39,35,9488.720477937615,1
REST_0497,531,3.6199561391475665,35,12,8259.496700030239,0
REST_0498,1133,4.339536185453431,26,6,24408.9586515141,0
REST_0499,811,2.320941916480875,55,35,5082.770015422755,1
REST_0500,1213,4.2830837075060835,47,46,22557.713534877643,0
REST_0501,1256,3.6237997360283307,18,8,19643.27997135731,0
REST_0502,771,4.888976011576984,56,31,2835.518931983514,0
REST_0503,451,3.025616498116058,21,10,24681.498436020367,0
REST_0504,778,3.8978656794018445,36,7,7512.783124936253,0
REST_0505,1025,4.796084316530052,47,32,3365.990248537896,0
REST_0506,1358,2.3075291839720378,31,22,20903.541619018226,0
REST_0507,525,4.811685461709353,38,24,17960.212808264798,0
REST_0508,1049,4.0636571669024395,48,7,15813.25134106962,0
REST_0509,801,2.203511177315516,42,44,4743.5407287743965,0
REST_0510,345,2.902890700840449,57,21,12483.906790143086,0
REST_0511,267,4.124516265935845,55,3,19733.34464529313,1
REST_0512,506,2.202051804406315,53,39,8286.974515452166,1
REST_0513,905,3.74651138052882,36,2,8480.555884360994,0
REST_0514,169,3.03764917085887,31,28,1075.3817451549307,0
REST_0515,861,3.8627465533024314,48,40,5181.841639489109,0
REST_0516,699,2.1372261014375384,20,28,22009.735002924022,0
REST_0517,389,4.614610418457129,20,33,11601.91579930497,0
REST_0518,966,4.920466907532191,48,33,24621.627981626414,0
REST_0519,700,4.906633565857074,15,27,10496.991125771021,0
REST_0520,1460,4.248955495228774,24,12,18164.47491472579,0
REST_0521,1301,2.3902587203918957,35,14,7766.057029713499,0
REST_0522,1450,4.274789587787067,19,22,9731.431387382405,0
REST_0523,1201,2.0737607493764045,16,43,5577.4237021814715,1
REST_0524,1076,2.0663706545869918,36,25,9329.49684398548,0
REST_0525,294,2.970830657448624,16,3,14133.700490095434,1
REST_0526,406,3.465929571213997,24,25,24802.549143501987,0
REST_0527,21,4.311222253423379,48,39,16940.841113722854,0
REST_0528,1335,4.049886129819516,30,8,5781.902905799538,0
REST_0529,1286,3.337708119130245,53,4,2079.0745981972273,0
REST_0530,508,2.8208799988449975,36,31,4032.5555515482547,0
REST_0531,763,4.991373500473133,26,19,14501.324830553136,0
REST_0532,44,3.278543906707919,38,49,19363.847891602392,1
REST_0533,736,3.3541610729890263,54,10,23570.060975217926,0
REST_0534,858,2.4908714635750075,52,14,1379.7561279236998,0
REST_0535,99,4.384428646249788,24,31,13546.243397484875,0
REST_0536,785,4.081046677344466,49,27,12300.816549356243,0
REST_0537,614,2.662308838366281,46,21,16745.320527416894,0
REST_0538,979,2.2471431368475283,21,40,14429.892507168206,0
REST_0539,1031,4.041497906224139,35,16,17488.93961397953,0
REST_0540,427,3.9635336428434056,34,25,16793.982033980566,0
REST_0541,124,2.819778580994628,40,43,3808.281396590709,1
REST_0542,626,4.852590686751231,18,6,20193.22992684927,0
REST_0543,1229,2.4531736753427005,36,41,3957.5818171917963,0
REST_0544,835,3.2970044031278056,29,25,17764.73500501929,0
REST_0545,1108,4.830847760502797,54,24,10987.48882337456,0
REST_0546,422,3.259181950778367,35,9,13332.41762983835,0
REST_0547,1409,3.9155778429922568,29,44,22679.152345017053,0
REST_0548,1453,3.192783193888383,36,18,22357.20943536368,0
REST_0549,738,2.82264560704601,42,10,20628.55133572071,0
REST_0550,1310,4.951932943879484,28,12,13243.561130951759,0
REST_0551,1030,3.228002018945129,41,7,18669.755443211994,0
REST_0552,770,4.682297611037403,55,39,13309.529332451424,0
REST_0553,685,2.6898638176732588,54,3,21870.545979394657,0
REST_0554,1427,2.63931411207525,42,46,10666.619997589598,0
REST_0555,466,2.093402248653534,40,30,24285.648265957043,0
REST_0556,929,3.955000476127655,16,27,23375.746197493063,0
REST_0557,201,3.1055790311712834,39,10,18798.462866842852,0
REST_0558,748,4.593074749518911,17,42,7705.981220225728,0
REST_0559,1132,3.4196297200746715,22,0,4159.686131038201,0
REST_0560,987,4.904580283744165,58,48,21512.882802236738,0
REST_0561,1018,2.5565765471093633,47,46,4967.2548673110705,1
REST_0562,105,4.605869503866833,56,37,21502.258935936057,1
REST_0563,672,4.329790558375225,49,23,12778.36016109665,0
REST_0564,1223,4.312765533932156,20,46,10757.362811394501,0
REST_0565,46,4.534349684350663,53,30,22676.578692026298,0
REST_0566,1402,4.2830719728289965,37,40,15492.42358096667,0
REST_0567,288,3.8786609648942463,39,45,14838.736171113227,0
REST_0568,226,2.3937346330471625,57,49,14410.382670985544,0
REST_0569,876,2.0975785384737557,33,25,9908.068384468754,1
REST_0570,882,4.762543543447061,19,48,19855.434484699053,0
REST_0571,1306,3.849950943562214,25,49,7067.162656378552,0
REST_0572,71,4.389611872928529,26,4,23533.4790409906,0
REST_0573,605,3.44456705453765,24,19,22455.64492112706,0
REST_0574,738,2.3519245668871833,22,40,9099.527816197555,0
REST_0575,1375,2.3755573766076514,38,10,18507.13047595993,0
REST_0576,406,4.056695861686914,42,32,14757.356666790196,0
REST_0577,708,3.290917684698388,55,49,9103.58324798163,0
REST_0578,1052,2.60157418010101,50,37,24724.51955189072,1
REST_0579,186,3.4747836402243104,51,26,1605.696300358341,1
REST_0580,405,2.192626811225402,35,33,7063.50473491088,1
REST_0581,454,3.7459142057431962,22,14,13481.777466667609,0
REST_0582,1266,2.806980213305293,23,31,13526.872083485534,1
REST_0583,85,4.392677301911565,29,20,15134.39379869354,0
REST_0584,274,2.9310858767707213,54,45,19040.22812855006,1
REST_0585,464,3.3656604472454035,32,4,15963.467932463114,0
REST_0586,727,2.034861619724302,56,5,15406.755052672888,0
REST_0587,744,2.2173406633836765,34,37,2284.3471099130393,0
REST_0588,1417,3.1774806692200546,20,21,10036.726906943159,0
REST_0589,860,3.4398165041513704,26,17,6569.337752827744,0
REST_0590,1400,3.8000616443579114,16,13,7368.88267844741,0
REST_0591,153,2.8749877361279097,21,9,14304.099384168278,0
REST_0592,894,4.0849456583796275,30,45,5788.127558310603,0
REST_0593,1102,4.580367191567614,17,12,8054.778424405541,0
REST_0594,1132,4.339552966680049,59,30,6690.033004416162,0
REST_0595,405,2.1188564760450714,17,29,23764.070637236673,0
REST_0596,1058,3.441520841773487,41,2,23671.977572106283,0
REST_0597,957,2.3147905352545246,57,29,15638.597406305242,1
REST_0598,900,2.7261350475875825,54,5,23188.539249565598,0
REST_0599,1184,4.959987779801439,52,28,19859.503491240957,1
REST_0600,1177,2.4274866287045396,47,7,15158.749187243411,0
REST_0601,578,3.496664460354068,42,43,1154.4450759230972,1
REST_0602,1072,3.8544672029543574,15,44,19540.390865905698,0
REST_0603,118,4.107394911632312,22,42,17859.720198123254,1
REST_0604,1075,3.678946050460742,51,43,15766.087678777936,0
REST_0605,1219,2.029312542257551,46,32,19250.18348037932,0
REST_0606,944,2.9793839247319758,57,16,13310.131954594377,0
REST_0607,407,3.553134930154134,51,47,17897.99851171214,1
REST_0608,1256,2.2635994974345,18,10,23444.13008143584,0
REST_0609,643,3.051880793627542,44,12,10019.320380306071,0
REST_0610,1166,2.0996093263741,20,49,17994.92403761501,0
REST_0611,1196,2.2357354914650625,33,10,12416.507632263008,0
REST_0612,1248,3.1907698286047883,46,30,17185.591643535558,0
REST_0613,742,2.3981472621291813,23,27,19309.440053304737,0
REST_0614,244,3.7026225447846746,26,43,2090.8600104591033,0
REST_0615,667,4.068394907411797,25,5,16518.410654767886,0
REST_0616,760,4.401760097327249,30,40,6441.78842576667,0
REST_0617,597,2.6004507327344304,15,15,17080.780907381602,0
REST_0618,1042,2.502447746777209,59,3,12239.924462411524,0
REST_0619,1107,2.313703521003201,35,34,19565.26580475729,0
REST_0620,963,3.90929074863091,44,47,3961.6195649343144,1
REST_0621,501,4.119427179460704,27,25,16031.736439748682,0
REST_0622,922,2.094758434476926,48,11,7683.297494261255,1
REST_0623,1286,4.808636738731069,18,10,21471.567887934194,0
REST_0624,1263,2.155913850954417,42,36,23281.20413527138,0
REST_0625,1207,3.6238890059032114,52,24,24913.55904829733,0
REST_0626,1201,4.127181558352749,45,17,20104.177658254797,0
REST_0627,179,4.612907371238257,41,18,19089.61769027211,1
REST_0628,1426,4.1422607963972835,19,22,6172.0182128212255,0
REST_0629,955,4.405184249209375,39,37,9064.16941576261,1
REST_0630,804,3.0183505776284183,17,17,12176.38100229471,0
REST_0631,643,4.444475341239537,47,25,19561.145146773993,0
REST_0632,1227,2.2403445391540253,18,5,22959.18076187125,0
REST_0633,38,4.684449968181583,39,3,5539.338400551631,0
REST_0634,1198,3.6427771284612085,34,43,23136.819632082468,1
REST_0635,1455,4.451893309887481,48,28,17694.991656497394,0
REST_0636,348,3.3569548535549005,40,33,15658.497536440927,0
REST_0637,1398,3.930733085589575,19,16,5796.190510766548,0
REST_0638,1375,3.57920798280834,49,42,2332.600787419613,0
REST_0639,509,4.194768565265996,42,42,14643.157564190558,0
REST_0640,520,2.2448899460917686,43,15,16636.376399893416,0
REST_0641,1360,2.1810562519716914,23,1,6058.754784512517,0
REST_0642,226,2.7413097020304393,52,33,14354.948939810954,1
REST_0643,1334,2.478634040339565,20,7,21555.841666301767,0
REST_0644,1165,4.615350699776605,33,12,21041.58269092048,0
REST_0645,1103,2.657641962074133,58,41,23256.52433407113,1
REST_0646,1285,4.927595767457394,25,7,9781.259429365131,0
REST_0647,1448,3.0106873753133208,16,29,8633.18974122205,0
REST_0648,454,2.5463537470660977,58,31,18986.224143539406,1
REST_0649,885,4.369095521427438,58,35,11346.69772232812,0
REST_0650,1215,3.9761233265026283,23,46,3101.1679366667345,0
REST_0651,176,3.494587149359417,35,29,7787.227136091993,1
REST_0652,100,3.6660906528128936,38,0,11045.974852755739,0
REST_0653,723,4.157605334816791,48,42,8020.394211430048,0
REST_0654,48,2.685364223993896,36,38,8972.933702735718,1
REST_0655,1159,4.989001748170226,17,16,8050.621748185378,0
REST_0656,1484,4.924379486440349,26,19,1995.9800123939067,0
REST_0657,182,3.9509770590408104,42,23,16290.27281978662,0
REST_0658,662,2.5986273527874353,44,49,15335.018088483263,0
REST_0659,763,4.040684727293874,40,21,16681.203963488333,0
REST_0660,1253,2.2165952269375273,35,28,5615.43750480706,1
REST_0661,1091,2.091957506617418,42,21,8095.708998699647,1
REST_0662,485,2.773048665533641,40,43,15870.782246678134,0
REST_0663,465,3.387868870217949,47,8,15391.061643038112,1
REST_0664,838,4.6048175162251415,35,36,13151.927424502428,0
REST_0665,904,4.181507209298924,49,9,9409.918000244737,0
REST_0666,1394,4.228119563599943,48,35,22910.344114592557,0
REST_0667,1034,3.276480003344226,55,36,9154.485815172251,1
REST_0668,396,3.0378049776408886,32,27,11934.859754494038,0
REST_0669,357,3.113116288953808,25,27,17274.73194290101,1
REST_0670,199,4.962948691208173,37,41,14032.51434080234,1
REST_0671,514,2.1203275742374474,36,42,9325.263432745254,0
REST_0672,1224,4.6010944883673455,31,20,11455.474970956237,0
REST_0673,1402,3.7360262257171803,19,23,20067.539628484148,0
REST_0674,1442,3.3158462575687713,58,41,7675.099731678699,1
REST_0675,833,4.17577298124541,25,39,4414.12575464357,0
REST_0676,938,3.4600068242741084,44,1,8515.916843914649,0
REST_0677,943,4.620269714244982,29,7,21388.82117170963,0
REST_0678,1150,4.702105592033775,41,47,3135.75315655232,0
REST_0679,143,3.2651627806203662,49,26,24800.705760938843,1
REST_0680,67,2.8304833917051546,47,21,13984.0695742639,1
REST_0681,694,3.777050985780087,34,36,24636.297855210258,0
REST_0682,681,4.7370900368500735,30,26,23535.914130063462,0
REST_0683,182,2.631986567017,48,28,11867.529141062003,1
REST_0684,824,3.8688997506904483,16,2,5763.785790528378,0
REST_0685,1182,3.8946806602775617,49,43,4957.234637563322,0
REST_0686,89,4.199339067245843,54,12,6759.74473287898,1
REST_0687,895,2.3947030553817794,42,44,18043.183373548894,1
REST_0688,1246,4.147474894046265,53,9,7550.7998735557085,0
REST_0689,212,4.727097561996922,20,35,9194.206470503159,0
REST_0690,773,2.539049326610726,23,8,11770.691295870754,0
REST_0691,1262,2.712629974771633,34,26,22917.58433011495,0
REST_0692,1260,4.914185282124919,15,33,5545.442029236307,1
REST_0693,1474,2.5429308581284693,22,0,1120.6372626352747,0
REST_0694,1435,4.563155280108737,37,31,2442.313849076084,0
REST_0695,56,3.4768335693441044,17,24,22714.39220032283,0
REST_0696,1266,2.741693223209531,18,28,16540.395156240716,0
REST_0697,1338,4.612249703817534,39,6,7552.974863867363,0
REST_0698,1176,3.3359157650079965,52,48,5252.620024268586,1
REST_0699,1448,3.5444520617890705,29,2,8062.401679290744,0
REST_0700,1406,3.077700108199297,35,19,3755.1262540307225,0
REST_0701,1292,3.778852554304782,49,19,23596.789846826585,0
REST_0702,665,2.4905716177550685,28,29,19820.948184766403,1
REST_0703,480,3.1732446099552822,50,34,12097.388245900978,0
REST_0704,980,4.9082369670058625,26,34,21759.102522764846,0
REST_0705,1045,2.774400298103383,31,48,6986.996903037575,0
REST_0706,1363,3.9702099936238766,53,38,18210.893643332645,0
REST_0707,745,2.9755701926740845,23,26,21547.179976329844,1
REST_0708,793,4.320419377059801,49,25,9562.449078958543,0
REST_0709,977,2.3926209821550497,27,13,19179.146690817222,0
REST_0710,367,4.909463135235634,29,16,8081.736382343424,0
REST_0711,981,3.3613686241509177,32,17,8172.571246216739,0
REST_0712,1441,2.708151390039392,47,44,3569.3722853004656,1
REST_0713,677,2.220490241990038,20,28,11561.393116225569,0
REST_0714,382,2.5092737152626223,41,19,18513.085755938133,1
REST_0715,1041,3.559321845668053,37,26,23565.29933371084,0
REST_0716,1155,3.011009529293859,41,17,15491.127806298306,1
REST_0717,1381,4.4866500976478285,48,3,21715.252905657737,0
REST_0718,685,3.292662570985418,52,0,20739.87158296545,0
REST_0719,99,2.7461428177628897,28,49,5160.233271406741,1
REST_0720,707,3.85143495981209,50,0,12659.618293903155,0
REST_0721,1349,4.120331650656338,22,25,3806.1648526093954,1
REST_0722,1211,2.5011257237028497,49,44,17371.67587747924,0
REST_0723,549,2.502857648864953,33,19,23797.592037905823,0
REST_0724,741,2.110014280800629,44,22,4290.1469938901555,1
REST_0725,878,4.209206045196922,28,9,18613.19513926099,0
REST_0726,50,3.991413582865415,34,10,16173.715620828663,0
REST_0727,749,3.4238926272494417,39,40,15006.520888194395,0
REST_0728,511,4.532511346907592,54,40,10362.885632520141,0
REST_0729,968,4.417010458850159,38,4,9523.159546091501,0
REST_0730,1178,3.7560630931902566,28,0,2085.9805364533086,0
REST_0731,1234,4.604813841539776,40,16,6229.808998048324,0
REST_0732,938,2.6175236301103046,52,21,1364.2451748838455,1
REST_0733,470,2.3357588581931834,37,33,14954.010533968492,1
REST_0734,741,2.809248834550969,36,44,3540.4776610698123,0
REST_0735,761,2.1712605682679444,33,40,21952.465456713184,1
REST_0736,934,3.593508584003096,17,28,13555.432496731966,0
REST_0737,918,4.809817076884885,56,3,17792.557817409,0
REST_0738,1286,2.118030622005529,33,4,10860.570204171914,0
REST_0739,399,2.3663297420300804,23,10,14453.915416025167,0
REST_0740,892,3.3565970848503057,42,20,23623.82024719913,0
REST_0741,265,4.801625052583715,34,34,2985.6169509680985,0
REST_0742,718,2.9484683149302517,59,11,7094.506526168708,0
REST_0743,459,3.5217044260651775,21,25,19719.719845853062,0
REST_0744,19,2.1247185771511763,28,18,3369.6929651839805,1
REST_0745,833,2.4450296028862666,23,44,2815.8664936986606,0
REST_0746,807,4.959890368876541,33,6,9676.993570096925,0
REST_0747,1275,4.8953560893081365,28,46,3212.0310033383753,0
REST_0748,1284,2.014819942803229,52,6,15041.882612948873,0
REST_0749,886,4.855435356269717,50,25,6430.6060195983955,0
REST_0750,1038,3.917359813446501,54,39,22496.751116784937,0
REST_0751,1152,4.603754883560066,31,4,19804.00194028616,1
REST_0752,1025,3.3642195669015775,44,20,17792.92494638743,0
REST_0753,383,3.5467880857377505,23,13,15806.656657228046,0
REST_0754,1098,3.4665397407707603,47,3,21723.17752819512,0
REST_0755,155,4.0005927726383135,39,22,6353.489477026165,0
REST_0756,233,2.418953764268939,28,41,21954.61222634146,1
REST_0757,1272,2.089920769618034,25,19,19947.815162177256,0
REST_0758,186,2.9237898247735727,49,14,18955.859833304454,1
REST_0759,862,4.11404228820994,55,49,14470.136273798176,0
REST_0760,1315,2.605560356368845,28,44,6909.859863294402,0
REST_0761,72,4.020297299974752,44,28,11165.149983805512,0
REST_0762,1250,4.909736138321811,55,7,20045.69570893124,0
REST_0763,836,2.281702147368255,18,40,1762.6836245757868,1
REST_0764,804,4.017806354675379,18,47,19769.2184623302,0
REST_0765,698,3.3312506579137136,42,18,6761.697771701596,0
REST_0766,1494,4.6044267631325155,22,47,4463.4208173184725,0
REST_0767,114,2.531449368342158,16,38,3776.831636327252,1
REST_0768,1132,4.0778778566784935,55,45,1654.0002868195627,0
REST_0769,520,4.51434586894433,36,27,13566.07564531487,0
REST_0770,394,4.8338426584220695,55,45,6238.236944649508,1
REST_0771,414,4.049744084868937,30,26,24746.362378711157,0
REST_0772,832,3.491524292025282,43,3,14786.482140932938,0
REST_0773,527,3.8535417206036415,44,14,4309.246464544251,0
REST_0774,485,4.606714953436155,26,34,17530.30097947277,0
REST_0775,718,3.711829239916489,49,36,22545.84559623341,0
REST_0776,780,2.0911611790905105,25,0,18884.307888870746,0
REST_0777,1470,4.7928460865209335,35,2,2834.5566649467437,0
REST_0778,1056,4.068580253094684,35,46,22501.22034862383,0
REST_0779,1006,4.0295401573317395,19,23,20054.305260639154,0
REST_0780,686,2.6470254571931515,34,26,4799.293602534744,0
REST_0781,723,3.976656410697972,51,39,2242.861329587605,0
REST_0782,1491,3.1815932169624754,17,35,14375.453807543405,0
REST_0783,92,3.9536989311244763,58,33,4744.859472159445,1
REST_0784,1178,2.319779090923972,47,28,21030.18286228653,0
REST_0785,1118,3.973535913809108,23,23,9600.03176012017,0
REST_0786,1111,4.998241177312,23,23,22909.41867367781,0
REST_0787,466,2.144636116581668,18,41,14576.516131384138,0
REST_0788,10,4.931522552663952,49,3,5384.137221752036,0
REST_0789,60,3.220723882168612,31,2,4350.372816635202,0
REST_0790,694,4.612260351011777,48,33,14835.338501386093,0
REST_0791,726,4.34715645217482,38,48,19285.206684698653,0
REST_0792,1479,3.7010487829600036,46,22,19756.135545812373,0
REST_0793,458,4.21534762775398,15,22,7618.177706590751,0
REST_0794,890,4.635546683904044,22,44,5901.9222138920195,0
REST_0795,497,3.212420964953099,59,4,1402.151307817178,0
REST_0796,43,2.9810994846897163,37,30,17300.779628828066,0
REST_0797,1381,4.002780156690754,54,40,2837.6382024049353,0
REST_0798,104,4.423537825823775,26,5,11098.268842382218,0
REST_0799,1105,4.286855404329847,26,36,15440.371936439107,0
REST_0800,163,4.393440946575904,29,9,23490.61467807225,0
REST_0801,259,3.306749944438799,55,39,8483.251286938448,0
REST_0802,683,4.453502648525065,33,6,6994.531898716475,0
REST_0803,447,2.360627166111825,40,38,16699.84370286636,0
REST_0804,127,3.6334672938825485,43,37,15861.73676928596,1
REST_0805,780,2.0172759814943646,36,20,8970.63479939499,0
REST_0806,1339,2.973757489700811,54,19,23274.444052234878,0
REST_0807,277,3.0993846046141935,35,2,21276.695859751188,0
REST_0808,1087,3.1885180748277664,52,21,6375.581100761948,1
REST_0809,245,4.086401620069586,34,46,6739.421090428556,0
REST_0810,398,3.1656743038110373,43,3,13295.208325289934,0
REST_0811,999,3.3460808678675917,18,27,19565.73044153729,0
REST_0812,772,2.7126323926229823,21,11,2056.9691053231454,0
REST_0813,410,3.1197553748880202,42,37,17640.04368963296,0
REST_0814,633,2.6818088817894545,42,35,16557.661537170326,1
REST_0815,776,2.219587771305331,18,46,6555.5223019117175,0
REST_0816,1336,3.8103457801441336,36,40,17352.472317792373,0
REST_0817,928,4.004638395665049,26,4,23564.396590049982,0
REST_0818,1240,3.8584710380288434,59,12,2122.8602793224445,0
REST_0819,1262,3.390482131401717,17,22,8671.649327009502,0
REST_0820,862,3.1393573405376896,36,49,11516.241199992526,0
REST_0821,587,4.590000948715476,58,29,22582.24861419255,0
REST_0822,84,3.557245355408654,16,36,24094.27471861976,0
REST_0823,444,3.4375456328891927,38,24,11658.765915911974,1
REST_0824,112,2.076926197419307,48,47,19000.681891412587,1
REST_0825,1455,3.0237434828784693,41,26,13759.864570347592,0
REST_0826,773,3.1405868563575714,55,13,13906.790433793036,0
REST_0827,747,3.1964683426907015,15,47,7674.388361592554,0
REST_0828,815,3.7405171076819967,22,46,6206.949900733109,0
REST_0829,1339,3.6008076401806353,37,35,7912.128302176988,0
REST_0830,107,3.823715278380334,52,38,14351.872174169903,1
REST_0831,807,4.294649784626385,20,15,1699.724464530136,0
REST_0832,1368,4.43895721614828,36,21,22773.974664553738,0
REST_0833,868,4.154369228679483,39,20,4750.809029194629,0
REST_0834,444,4.866571087864804,32,20,6282.128244913278,0
REST_0835,456,2.054697748029085,31,7,13438.628234743512,0
REST_0836,1341,2.5873339570506384,26,48,18042.754392094703,0
REST_0837,258,2.0226886249344265,20,15,3297.497313865535,0
REST_0838,175,3.942424142463809,40,30,8624.672741131893,0
REST_0839,993,4.6940916468499605,41,41,24248.19053378457,1
REST_0840,1368,2.730446889728898,22,9,7296.231202742697,0
REST_0841,1029,4.78110363438892,33,31,8513.203481515524,0
REST_0842,551,2.1808021708686827,56,33,21075.963774832802,1
REST_0843,768,4.803308080416543,15,8,2205.146360570926,0
REST_0844,1139,3.0548680617189032,43,16,12150.7160514153,0
REST_0845,90,2.3042624853476497,59,10,10110.802346840086,0
REST_0846,142,3.457615277558977,49,31,8598.082237807626,1
REST_0847,806,2.770329703161524,54,9,7856.790257074349,0
REST_0848,909,2.8546187058857684,28,21,3192.978516649821,1
REST_0849,147,2.92186989477886,49,16,8555.819904439571,0
REST_0850,193,4.4090776934979905,59,3,2033.2576651760457,1
REST_0851,1434,3.6174838300257637,34,47,19743.132727466447,0
REST_0852,1363,2.933923097468011,27,46,10557.46705499228,0
REST_0853,794,3.8310013499327553,52,24,11653.691975677879,0
REST_0854,993,4.148452022669581,22,20,22446.270074803157,0
REST_0855,78,2.8178720022006014,57,36,16793.3196126693,1
REST_0856,555,3.2406473045760547,34,37,1193.4184802108748,0
REST_0857,62,2.3656582800108428,47,48,23636.195751070838,1
REST_0858,1483,2.543448048604041,40,0,6691.467183465069,0
REST_0859,214,4.043353561894948,53,24,3582.740434236612,0
REST_0860,135,2.544315043086881,35,35,19435.076281141173,0
REST_0861,52,3.5754901510011807,56,16,13011.455580801236,1
REST_0862,120,4.127138785167298,57,40,11410.49358443242,0
REST_0863,770,2.3206307692842314,55,23,6988.073912385802,0
REST_0864,1216,3.7019366588867104,23,1,14139.315756695647,0
REST_0865,857,2.769688351104091,38,39,7585.230524862099,0
REST_0866,104,4.888780625712739,51,14,22637.99212688962,0
REST_0867,1407,3.4506369401597743,55,31,6164.907513596627,0
REST_0868,909,4.417977649325474,31,38,22224.523610938086,0
REST_0869,369,3.6506796264687855,38,5,14425.730217456567,0
REST_0870,909,2.1302375985644577,35,0,20883.715213485782,0
REST_0871,290,3.899454126782067,53,46,18108.30390066292,0
REST_0872,1228,4.854210026619971,55,22,17720.682674481966,0
REST_0873,1228,3.8048354604389933,53,38,8784.299384681337,0
REST_0874,676,4.457566578280371,27,16,6613.526355332883,0
REST_0875,102,4.652619390045223,25,33,6061.269464338915,1
REST_0876,681,2.6842393158467974,33,40,21572.59976943013,0
REST_0877,70,2.63613451972468,25,28,20690.24368621648,1
REST_0878,643,3.832942966552975,27,8,11573.764672295376,0
REST_0879,1084,3.2330854094201142,59,12,4177.71072391491,0
REST_0880,1436,4.519583908600161,15,5,10174.054047459002,0
REST_0881,1038,4.700069370194034,54,5,15864.242899285873,0
REST_0882,1499,3.0602641379081543,58,19,11905.675707518867,0
REST_0883,613,2.7106116769234463,33,2,19724.54244359188,0
REST_0884,691,4.341576545731586,26,16,24942.94773403325,0
REST_0885,543,2.8244181066444085,22,48,5587.170122773524,1
REST_0886,1438,4.467842955541036,22,11,12031.619671829738,0
REST_0887,847,3.2712147609462887,59,47,11343.61364609973,0
REST_0888,654,4.0026496978744115,26,46,8307.82078597482,1
REST_0889,242,2.2866059415040043,47,44,5754.29240128695,0
REST_0890,533,3.871577974029719,59,0,2576.6107957518216,0
REST_0891,355,3.355303036211687,40,16,22290.86361336876,0
REST_0892,1079,3.7598253895264224,53,2,11076.368744471623,0
REST_0893,555,2.5040426232345903,42,25,12925.492444001173,1
REST_0894,1111,4.210621234832546,19,14,23006.60915682198,0
REST_0895,1106,4.588391232629686,22,35,19630.97146038275,0
REST_0896,803,2.650219400272327,39,31,4132.030338812421,0
REST_0897,258,2.2871436665604854,41,31,14570.079222585817,1
REST_0898,56,2.070915758139009,37,3,11614.054636469418,0
REST_0899,1154,3.925914501329798,44,17,20133.065741890307,0
REST_0900,223,3.821282108266342,59,48,18381.58114268678,0
REST_0901,248,3.64009223814221,37,18,17569.737325865728,0
REST_0902,1089,2.695841288347926,34,42,9173.076051517524,0
REST_0903,359,3.172717987716544,32,34,20319.129529582107,0
REST_0904,116,3.783429005558519,32,39,2257.3910942766693,0
REST_0905,840,3.490300576577508,16,13,4830.997634372014,0
REST_0906,57,4.963356560644662,18,32,9054.958551469881,0
REST_0907,346,2.4093192576701994,44,13,2843.378585662751,0
REST_0908,1059,4.085433662142782,47,33,6639.8626608325985,0
REST_0909,813,3.2129563043128764,50,3,20923.623591950036,0
REST_0910,1290,3.2845988447768444,32,23,23758.036906961905,1
REST_0911,17,4.1527932969745285,51,28,8310.456538580573,1
REST_0912,634,4.077308453973108,33,18,7348.3792957321175,0
REST_0913,1286,4.973767981106565,42,5,7717.423653914246,0
REST_0914,728,2.3851828683623757,54,32,7665.258096420252,1
REST_0915,312,2.312328948152499,34,48,1862.3243724633517,0
REST_0916,648,4.173016451386223,47,39,23245.992311946593,0
REST_0917,65,3.7351607510192273,26,18,6128.755397687882,0
REST_0918,735,2.8224819996794177,29,0,11080.097777953719,0
REST_0919,535,2.23825810696696,55,4,1232.4851857832257,0
REST_0920,483,2.2569747487892915,53,26,21590.92218196137,1
REST_0921,37,4.682572623992355,16,15,18547.776266918012,0
REST_0922,87,2.575601974156229,43,5,23722.144844168877,0
REST_0923,1249,2.9701146863465624,55,39,19758.771500713578,0
REST_0924,1419,2.679969206680964,24,12,8528.956289249567,0
REST_0925,374,3.064988917495812,16,47,6948.9606094821675,0
REST_0926,675,2.20827152823828,25,34,17745.19138127903,0
REST_0927,535,3.557179372724811,27,18,9738.706600251986,0
REST_0928,708,2.2028376907766445,24,11,14589.160378062797,0
REST_0929,1345,4.4010695234670845,28,15,1150.1793046352855,0
REST_0930,892,2.7011362457312993,32,42,2485.2568403314062,1
REST_0931,1040,3.6200357438135318,23,9,13848.83058835963,0
REST_0932,1036,4.640237262684375,53,24,14585.719514755963,0
REST_0933,928,3.9526321071415826,42,19,19034.870667024246,0
REST_0934,759,3.598873359654006,17,30,4167.167670975082,0
REST_0935,372,2.973001259346127,34,3,13316.39401016269,0
REST_0936,1307,2.999005739174594,20,43,5666.743466360526,0
REST_0937,815,4.008460865594571,41,22,3236.706869504673,1
REST_0938,748,4.982418083663503,16,1,10851.89905745331,0
REST_0939,1048,3.985517569548136,43,21,4920.079554137374,0
REST_0940,1225,3.6733502521100747,52,36,6322.767476615646,0
REST_0941,494,4.191951530717738,17,7,8621.309916868042,0
REST_0942,37,3.3956168368511546,30,6,7225.32161783671,0
REST_0943,723,2.180427027802356,44,13,3102.1911377427136,0
REST_0944,1072,3.686890447633729,54,2,3157.9898766328547,0
REST_0945,1306,4.87287585351614,16,49,5637.985965620036,0
REST_0946,1264,2.525908827072979,31,15,2213.420511028935,0
REST_0947,95,4.070014672461998,55,18,16034.968472246252,1
REST_0948,135,2.6028010659771694,26,17,7895.841196213647,1
REST_0949,821,3.607483053419244,49,15,7713.9032264577045,0
REST_0950,546,2.290029348940159,57,7,8967.959061706364,0
REST_0951,154,3.3511128087745554,15,32,16907.110581033317,1
REST_0952,1245,4.268489986685738,59,48,21895.21315560377,0
REST_0953,34,3.042714572716946,29,11,19218.08638133532,0
REST_0954,1427,3.9947351734616543,40,10,18460.70152540228,0
REST_0955,76,4.3863498823691875,51,4,12625.388454420383,1
REST_0956,242,4.781533458438358,35,26,17651.33336721788,0
REST_0957,118,2.7039262455663606,45,11,14266.296832805996,1
REST_0958,1179,3.1979477474279245,39,16,6190.012676476694,0
REST_0959,120,2.4572480399912524,37,5,6006.120825785218,0
REST_0960,237,4.977450506475126,38,32,8113.408165006803,0
REST_0961,120,4.781002903772886,52,4,22859.26410327552,0
REST_0962,43,3.619871390841679,42,27,14137.95616911342,1
REST_0963,632,4.526099883129264,35,13,18613.729048044865,0
REST_0964,1402,3.5628739318161267,57,4,9317.410235597143,0
REST_0965,757,3.870757064008279,32,32,10785.178495965405,0
REST_0966,604,2.2673732963480497,50,49,4013.573887294033,0
REST_0967,434,4.265811261490423,49,47,5111.078987720089,0
REST_0968,622,2.3831404509057044,59,40,20856.557315827493,1
REST_0969,701,4.478202890757585,23,18,15036.12716053317,0
REST_0970,1315,4.346084263011157,52,21,9100.779181211654,0
REST_0971,1353,4.126234093228929,44,4,20268.429015893103,0
REST_0972,1476,2.1084811415742863,58,1,6916.4777353115915,0
REST_0973,324,2.909385067835986,48,29,24424.784766404893,1
REST_0974,886,2.7893377097325285,46,46,9275.622585908075,0
REST_0975,1410,3.0804092224145574,17,38,9095.462899629463,1
REST_0976,1322,2.2629282402915156,17,3,8485.885732880924,0
REST_0977,1470,4.810873469093188,42,32,3930.6763821829104,0
REST_0978,671,3.6614067221371287,58,12,3667.291535968298,0
REST_0979,286,2.9165729319740707,29,19,16554.52082881896,0
REST_0980,633,3.1909445512228505,55,6,22002.833069393128,0
REST_0981,525,3.341607621514507,37,14,19972.492246520163,0
REST_0982,1383,3.8017830000818518,54,22,4386.582256512426,1
REST_0983,852,3.5470382830894933,25,13,14093.970923009594,0
REST_0984,1479,4.758175919643252,46,22,3534.19710343936,1
REST_0985,359,3.490890448717491,50,18,2087.0714467138587,0
REST_0986,832,4.9764740444699385,47,28,16753.260625234412,0
REST_0987,1170,4.554274873235287,38,19,13843.656008328408,0
REST_0988,768,2.6255315430720074,53,28,2968.5684450753006,0
REST_0989,908,4.791785643931749,48,23,1838.5419137437227,0
REST_0990,252,2.3490991936564285,42,17,24754.153921824032,0
REST_0991,552,4.4523491254735745,51,9,1720.511971577725,0
REST_0992,1073,3.1418698804297405,21,40,11668.678073203831,1
REST_0993,238,4.633922961335209,18,7,13110.856590584694,0
REST_0994,557,4.6041700703223505,51,25,3814.723547210681,0
REST_0995,929,4.417776200352863,15,28,5057.482682553191,0
REST_0996,1256,4.370091308921184,15,9,9443.32015384846,0
REST_0997,15,2.9140374172941224,34,16,19280.221029127904,0
REST_0998,1355,2.2427578491537563,33,1,13169.9781774464,0
REST_0999,477,3.2089405362954846,43,5,16309.644989271077,0
